record_id,cluster_id
REC_00001,2
REC_00002,2
REC_00003,2
REC_00004,2
REC_00005,2
REC_00006,2
REC_00007,2
REC_00008,3
REC_00009,2
REC_00010,2
REC_00011,3
REC_00012,3
REC_00013,3
REC_00014,2
REC_00015,3
REC_00016,2
REC_00017,3
REC_00018,2
REC_00019,1
REC_00020,1
REC_00021,3
REC_00022,2
REC_00023,2
REC_00024,2
REC_00025,2
REC_00026,2
REC_00027,1
REC_00028,3
REC_00029,3
REC_00030,2
REC_00031,3
REC_00032,2
REC_00033,3
REC_00034,3
REC_00035,2
REC_00036,3
REC_00037,1
REC_00038,2
REC_00039,2
REC_00040,1
REC_00041,1
REC_00042,2
REC_00043,2
REC_00044,2
REC_00045,2
REC_00046,1
REC_00047,2
REC_00048,2
REC_00049,1
REC_00050,3
REC_00051,3
REC_00052,1
REC_00053,2
REC_00054,2
REC_00055,1
REC_00056,1
REC_00057,2
REC_00058,2
REC_00059,2
REC_00060,3
REC_00061,2
REC_00062,3
REC_00063,3
REC_00064,3
REC_00065,3
REC_00066,3
REC_00067,3
REC_00068,3
REC_00069,2
REC_00070,2
REC_00071,2
REC_00072,3
REC_00073,2
REC_00074,2
REC_00075,3
REC_00076,3
REC_00077,3
REC_00078,2
REC_00079,3
REC_00080,3
REC_00081,3
REC_00082,2
REC_00083,3
REC_00084,3
REC_00085,3
REC_00086,3
REC_00087,3
REC_00088,3
REC_00089,3
REC_00090,3
REC_00091,3
REC_00092,3
REC_00093,2
REC_00094,3
REC_00095,2
REC_00096,3
REC_00097,3
REC_00098,3
REC_00099,3
REC_00100,3
REC_00101,3
REC_00102,3
REC_00103,1
REC_00104,1
REC_00105,1
REC_00106,1
REC_00107,2
REC_00108,1
REC_00109,2
REC_00110,2
REC_00111,3
REC_00112,3
REC_00113,2
REC_00114,2
REC_00115,2
REC_00116,1
REC_00117,1
REC_00118,2
REC_00119,2
REC_00120,3
REC_00121,3
REC_00122,2
REC_00123,2
REC_00124,2
REC_00125,2
REC_00126,2
REC_00127,3
REC_00128,2
REC_00129,2
REC_00130,2
REC_00131,2
REC_00132,2
REC_00133,2
REC_00134,3
REC_00135,3
REC_00136,3
REC_00137,2
REC_00138,3
REC_00139,2
REC_00140,2
REC_00141,2
REC_00142,2
REC_00143,2
REC_00144,3
REC_00145,2
REC_00146,2
REC_00147,3
REC_00148,2
REC_00149,2
REC_00150,2
REC_00151,3
REC_00152,3
REC_00153,3
REC_00154,2
REC_00155,1
REC_00156,2
REC_00157,2
REC_00158,3
REC_00159,1
REC_00160,3
REC_00161,2
REC_00162,2
REC_00163,3
REC_00164,2
REC_00165,3
REC_00166,2
REC_00167,3
REC_00168,3
REC_00169,3
REC_00170,3
REC_00171,3
REC_00172,2
REC_00173,3
REC_00174,3
REC_00175,3
REC_00176,2
REC_00177,3
REC_00178,2
REC_00179,3
REC_00180,3
REC_00181,3
REC_00182,3
REC_00183,2
REC_00184,2
REC_00185,3
REC_00186,3
REC_00187,3
REC_00188,3
REC_00189,3
REC_00190,3
REC_00191,2
REC_00192,2
REC_00193,3
REC_00194,3
REC_00195,3
REC_00196,3
REC_00197,3
REC_00198,3
REC_00199,2
REC_00200,3
REC_00201,2
REC_00202,3
REC_00203,2
REC_00204,2
REC_00205,3
REC_00206,3
REC_00207,3
REC_00208,3
REC_00209,3
REC_00210,3
REC_00211,2
REC_00212,3
REC_00213,3
REC_00214,3
REC_00215,3
REC_00216,3
REC_00217,3
REC_00218,3
REC_00219,2
REC_00220,3
REC_00221,3
REC_00222,2
REC_00223,2
REC_00224,3
REC_00225,2
REC_00226,3
REC_00227,2
REC_00228,2
REC_00229,2
REC_00230,3
REC_00231,2
REC_00232,3
REC_00233,2
REC_00234,3
REC_00235,2
REC_00236,2
REC_00237,2
REC_00238,2
REC_00239,2
REC_00240,2
REC_00241,2
REC_00242,2
REC_00243,3
REC_00244,3
REC_00245,3
REC_00246,3
REC_00247,3
REC_00248,3
REC_00249,3
REC_00250,3
REC_00251,3
REC_00252,3
REC_00253,3
REC_00254,3
REC_00255,3
REC_00256,2
REC_00257,3
REC_00258,3
REC_00259,3
REC_00260,2
REC_00261,2
REC_00262,3
REC_00263,3
REC_00264,2
REC_00265,2
REC_00266,2
REC_00267,3
REC_00268,2
REC_00269,2
REC_00270,3
REC_00271,3
REC_00272,2
REC_00273,3
REC_00274,3
REC_00275,3
REC_00276,3
REC_00277,3
REC_00278,3
REC_00279,3
REC_00280,3
REC_00281,3
REC_00282,3
REC_00283,2
REC_00284,3
REC_00285,3
REC_00286,2
REC_00287,2
REC_00288,3
REC_00289,3
REC_00290,3
REC_00291,2
REC_00292,2
REC_00293,3
REC_00294,3
REC_00295,3
REC_00296,3
REC_00297,3
REC_00298,3
REC_00299,2
REC_00300,3
REC_00301,3
REC_00302,3
REC_00303,3
REC_00304,3
REC_00305,2
REC_00306,2
REC_00307,2
REC_00308,3
REC_00309,3
REC_00310,2
REC_00311,2
REC_00312,2
REC_00313,3
REC_00314,2
REC_00315,1
REC_00316,2
REC_00317,3
REC_00318,3
REC_00319,2
REC_00320,3
REC_00321,3
REC_00322,3
REC_00323,3
REC_00324,2
REC_00325,3
REC_00326,2
REC_00327,3
REC_00328,3
REC_00329,2
REC_00330,3
REC_00331,2
REC_00332,3
REC_00333,3
REC_00334,3
REC_00335,2
REC_00336,2
REC_00337,3
REC_00338,3
REC_00339,2
REC_00340,3
REC_00341,2
REC_00342,3
REC_00343,3
REC_00344,3
REC_00345,3
REC_00346,3
REC_00347,3
REC_00348,3
REC_00349,2
REC_00350,3
REC_00351,3
REC_00352,3
REC_00353,2
REC_00354,3
REC_00355,2
REC_00356,2
REC_00357,3
REC_00358,2
REC_00359,3
REC_00360,3
REC_00361,2
REC_00362,3
REC_00363,2
REC_00364,2
REC_00365,3
REC_00366,2
REC_00367,3
REC_00368,2
REC_00369,2
REC_00370,2
REC_00371,3
REC_00372,3
REC_00373,2
REC_00374,3
REC_00375,3
REC_00376,2
REC_00377,2
REC_00378,3
REC_00379,2
REC_00380,2
REC_00381,2
REC_00382,2
REC_00383,3
REC_00384,3
REC_00385,2
REC_00386,2
REC_00387,2
REC_00388,2
REC_00389,3
REC_00390,3
REC_00391,3
REC_00392,3
REC_00393,3
REC_00394,2
REC_00395,3
REC_00396,3
REC_00397,3
REC_00398,3
REC_00399,2
REC_00400,2
REC_00401,2
REC_00402,2
REC_00403,3
REC_00404,2
REC_00405,3
REC_00406,2
REC_00407,2
REC_00408,3
REC_00409,2
REC_00410,3
REC_00411,2
REC_00412,2
REC_00413,3
REC_00414,2
REC_00415,3
REC_00416,3
REC_00417,3
REC_00418,2
REC_00419,3
REC_00420,3
REC_00421,3
REC_00422,3
REC_00423,3
REC_00424,3
REC_00425,3
REC_00426,3
REC_00427,2
REC_00428,2
REC_00429,3
REC_00430,3
REC_00431,2
REC_00432,3
REC_00433,2
REC_00434,3
REC_00435,3
REC_00436,2
REC_00437,3
REC_00438,3
REC_00439,3
REC_00440,3
REC_00441,3
REC_00442,2
REC_00443,2
REC_00444,2
REC_00445,2
REC_00446,2
REC_00447,2
REC_00448,3
REC_00449,2
REC_00450,2
REC_00451,3
REC_00452,3
REC_00453,3
REC_00454,1
REC_00455,2
REC_00456,2
REC_00457,3
REC_00458,2
REC_00459,3
REC_00460,2
REC_00461,2
REC_00462,3
REC_00463,3
REC_00464,2
REC_00465,3
REC_00466,2
REC_00467,2
REC_00468,2
REC_00469,2
REC_00470,2
REC_00471,2
REC_00472,2
REC_00473,2
REC_00474,3
REC_00475,2
REC_00476,3
REC_00477,2
REC_00478,3
REC_00479,3
REC_00480,3
REC_00481,3
REC_00482,2
REC_00483,3
REC_00484,3
REC_00485,3
REC_00486,3
REC_00487,3
REC_00488,2
REC_00489,2
REC_00490,3
REC_00491,3
REC_00492,3
REC_00493,3
REC_00494,2
REC_00495,2
REC_00496,2
REC_00497,3
REC_00498,3
REC_00499,3
REC_00500,2
REC_00501,3
REC_00502,2
REC_00503,2
REC_00504,3
REC_00505,3
REC_00506,2
REC_00507,3
REC_00508,3
REC_00509,2
REC_00510,2
REC_00511,3
REC_00512,3
REC_00513,2
REC_00514,2
REC_00515,2
REC_00516,3
REC_00517,2
REC_00518,3
REC_00519,2
REC_00520,3
REC_00521,3
REC_00522,3
REC_00523,2
REC_00524,3
REC_00525,3
REC_00526,3
REC_00527,2
REC_00528,2
REC_00529,2
REC_00530,2
REC_00531,3
REC_00532,2
REC_00533,3
REC_00534,3
REC_00535,2
REC_00536,3
REC_00537,3
REC_00538,3
REC_00539,3
REC_00540,3
REC_00541,3
REC_00542,2
REC_00543,3
REC_00544,3
REC_00545,0
REC_00546,3
REC_00547,3
REC_00548,3
REC_00549,2
REC_00550,2
REC_00551,2
REC_00552,2
REC_00553,2
REC_00554,2
REC_00555,2
REC_00556,2
REC_00557,3
REC_00558,3
REC_00559,3
REC_00560,3
REC_00561,3
REC_00562,3
REC_00563,3
REC_00564,3
REC_00565,2
REC_00566,3
REC_00567,3
REC_00568,2
REC_00569,3
REC_00570,3
REC_00571,3
REC_00572,3
REC_00573,3
REC_00574,3
REC_00575,3
REC_00576,2
REC_00577,3
REC_00578,3
REC_00579,3
REC_00580,3
REC_00581,3
REC_00582,2
REC_00583,3
REC_00584,3
REC_00585,2
REC_00586,2
REC_00587,2
REC_00588,2
REC_00589,2
REC_00590,2
REC_00591,3
REC_00592,2
REC_00593,2
REC_00594,1
REC_00595,1
REC_00596,2
REC_00597,2
REC_00598,3
REC_00599,3
REC_00600,2
REC_00601,2
REC_00602,3
REC_00603,3
REC_00604,3
REC_00605,3
REC_00606,2
REC_00607,3
REC_00608,2
REC_00609,3
REC_00610,2
REC_00611,3
REC_00612,3
REC_00613,3
REC_00614,3
REC_00615,3
REC_00616,2
REC_00617,3
REC_00618,3
REC_00619,3
REC_00620,2
REC_00621,2
REC_00622,3
REC_00623,3
REC_00624,2
REC_00625,3
REC_00626,3
REC_00627,2
REC_00628,2
REC_00629,2
REC_00630,2
REC_00631,2
REC_00632,3
REC_00633,1
REC_00634,2
REC_00635,3
REC_00636,3
REC_00637,3
REC_00638,2
REC_00639,3
REC_00640,2
REC_00641,2
REC_00642,2
REC_00643,2
REC_00644,3
REC_00645,2
REC_00646,3
REC_00647,3
REC_00648,2
REC_00649,3
REC_00650,2
REC_00651,3
REC_00652,2
REC_00653,2
REC_00654,2
REC_00655,3
REC_00656,3
REC_00657,3
REC_00658,3
REC_00659,3
REC_00660,3
REC_00661,3
REC_00662,3
REC_00663,3
REC_00664,3
REC_00665,3
REC_00666,3
REC_00667,3
REC_00668,3
REC_00669,3
REC_00670,2
REC_00671,2
REC_00672,3
REC_00673,3
REC_00674,2
REC_00675,2
REC_00676,3
REC_00677,3
REC_00678,2
REC_00679,2
REC_00680,3
REC_00681,2
REC_00682,2
REC_00683,3
REC_00684,3
REC_00685,2
REC_00686,3
REC_00687,3
REC_00688,3
REC_00689,3
REC_00690,3
REC_00691,3
REC_00692,2
REC_00693,3
REC_00694,3
REC_00695,1
REC_00696,3
REC_00697,3
REC_00698,3
REC_00699,3
REC_00700,3
REC_00701,3
REC_00702,3
REC_00703,3
REC_00704,3
REC_00705,3
REC_00706,2
REC_00707,3
REC_00708,1
REC_00709,2
REC_00710,2
REC_00711,2
REC_00712,2
REC_00713,3
REC_00714,2
REC_00715,1
REC_00716,2
REC_00717,3
REC_00718,1
REC_00719,2
REC_00720,1
REC_00721,1
REC_00722,2
REC_00723,2
REC_00724,2
REC_00725,2
REC_00726,3
REC_00727,2
REC_00728,1
REC_00729,3
REC_00730,3
REC_00731,2
REC_00732,1
REC_00733,3
REC_00734,2
REC_00735,2
REC_00736,2
REC_00737,1
REC_00738,3
REC_00739,3
REC_00740,2
REC_00741,3
REC_00742,2
REC_00743,2
REC_00744,3
REC_00745,3
REC_00746,2
REC_00747,2
REC_00748,2
REC_00749,2
REC_00750,3
REC_00751,1
REC_00752,3
REC_00753,3
REC_00754,3
REC_00755,2
REC_00756,3
REC_00757,2
REC_00758,2
REC_00759,2
REC_00760,3
REC_00761,2
REC_00762,2
REC_00763,3
REC_00764,0
REC_00765,2
REC_00766,2
REC_00767,2
REC_00768,2
REC_00769,0
REC_00770,0
REC_00771,2
REC_00772,2
REC_00773,3
REC_00774,1
REC_00775,2
REC_00776,2
REC_00777,2
REC_00778,3
REC_00779,2
REC_00780,2
REC_00781,3
REC_00782,2
REC_00783,3
REC_00784,3
REC_00785,0
REC_00786,2
REC_00787,2
REC_00788,3
REC_00789,3
REC_00790,3
REC_00791,3
REC_00792,2
REC_00793,2
REC_00794,2
REC_00795,3
REC_00796,2
REC_00797,2
REC_00798,3
REC_00799,3
REC_00800,2
REC_00801,2
REC_00802,2
REC_00803,2
REC_00804,2
REC_00805,2
REC_00806,3
REC_00807,2
REC_00808,2
REC_00809,2
REC_00810,3
REC_00811,2
REC_00812,2
REC_00813,2
REC_00814,3
REC_00815,2
REC_00816,2
REC_00817,2
REC_00818,2
REC_00819,3
REC_00820,3
REC_00821,3
REC_00822,2
REC_00823,2
REC_00824,3
REC_00825,2
REC_00826,3
REC_00827,2
REC_00828,2
REC_00829,2
REC_00830,2
REC_00831,3
REC_00832,2
REC_00833,3
REC_00834,2
REC_00835,3
REC_00836,2
REC_00837,3
REC_00838,2
REC_00839,3
REC_00840,2
REC_00841,2
REC_00842,2
REC_00843,2
REC_00844,2
REC_00845,3
REC_00846,2
REC_00847,2
REC_00848,2
REC_00849,2
REC_00850,2
REC_00851,3
REC_00852,3
REC_00853,2
REC_00854,3
REC_00855,2
REC_00856,2
REC_00857,3
REC_00858,2
REC_00859,2
REC_00860,3
REC_00861,3
REC_00862,3
REC_00863,3
REC_00864,2
REC_00865,3
REC_00866,2
REC_00867,2
REC_00868,3
REC_00869,2
REC_00870,2
REC_00871,2
REC_00872,2
REC_00873,3
REC_00874,2
REC_00875,3
REC_00876,2
REC_00877,2
REC_00878,2
REC_00879,2
REC_00880,2
REC_00881,2
REC_00882,2
REC_00883,2
REC_00884,2
REC_00885,2
REC_00886,2
REC_00887,2
REC_00888,2
REC_00889,2
REC_00890,2
REC_00891,2
REC_00892,2
REC_00893,2
REC_00894,3
REC_00895,3
REC_00896,3
REC_00897,3
REC_00898,3
REC_00899,2
REC_00900,2
REC_00901,3
REC_00902,2
REC_00903,3
REC_00904,3
REC_00905,2
REC_00906,3
REC_00907,2
REC_00908,2
REC_00909,3
REC_00910,3
REC_00911,3
REC_00912,2
REC_00913,3
REC_00914,2
REC_00915,2
REC_00916,2
REC_00917,2
REC_00918,2
REC_00919,2
REC_00920,2
REC_00921,3
REC_00922,2
REC_00923,2
REC_00924,2
REC_00925,2
REC_00926,3
REC_00927,3
REC_00928,2
REC_00929,2
REC_00930,2
REC_00931,2
REC_00932,2
REC_00933,3
REC_00934,3
REC_00935,2
REC_00936,3
REC_00937,3
REC_00938,2
REC_00939,2
REC_00940,3
REC_00941,2
REC_00942,3
REC_00943,2
REC_00944,0
REC_00945,2
REC_00946,2
REC_00947,0
REC_00948,0
REC_00949,0
REC_00950,0
REC_00951,0
REC_00952,0
REC_00953,0
REC_00954,2
REC_00955,0
REC_00956,0
REC_00957,0
REC_00958,2
REC_00959,0
REC_00960,0
REC_00961,0
REC_00962,0
REC_00963,0
REC_00964,0
REC_00965,0
REC_00966,0
REC_00967,2
REC_00968,0
REC_00969,0
REC_00970,0
REC_00971,0
REC_00972,0
REC_00973,0
REC_00974,0
REC_00975,0
REC_00976,2
REC_00977,2
REC_00978,2
REC_00979,3
REC_00980,0
REC_00981,3
REC_00982,2
REC_00983,2
REC_00984,3
REC_00985,2
REC_00986,2
REC_00987,2
REC_00988,3
REC_00989,3
REC_00990,2
REC_00991,3
REC_00992,2
REC_00993,3
REC_00994,3
REC_00995,2
REC_00996,3
REC_00997,2
REC_00998,2
REC_00999,3
REC_01000,3
REC_01001,2
REC_01002,2
REC_01003,2
REC_01004,3
REC_01005,2
REC_01006,1
REC_01007,2
REC_01008,3
REC_01009,2
REC_01010,3
REC_01011,3
REC_01012,3
REC_01013,2
REC_01014,3
REC_01015,3
REC_01016,2
REC_01017,2
REC_01018,3
REC_01019,3
REC_01020,3
REC_01021,2
REC_01022,2
REC_01023,3
REC_01024,2
REC_01025,3
REC_01026,3
REC_01027,3
REC_01028,2
REC_01029,2
REC_01030,3
REC_01031,3
REC_01032,2
REC_01033,3
REC_01034,2
REC_01035,3
REC_01036,3
REC_01037,3
REC_01038,3
REC_01039,3
REC_01040,3
REC_01041,3
REC_01042,3
REC_01043,3
REC_01044,3
REC_01045,3
REC_01046,3
REC_01047,2
REC_01048,2
REC_01049,2
REC_01050,3
REC_01051,2
REC_01052,1
REC_01053,3
REC_01054,3
REC_01055,2
REC_01056,2
REC_01057,2
REC_01058,1
REC_01059,2
REC_01060,2
REC_01061,2
REC_01062,2
REC_01063,2
REC_01064,3
REC_01065,2
REC_01066,2
REC_01067,2
REC_01068,3
REC_01069,2
REC_01070,3
REC_01071,3
REC_01072,3
REC_01073,1
REC_01074,3
REC_01075,3
REC_01076,3
REC_01077,3
REC_01078,3
REC_01079,3
REC_01080,3
REC_01081,3
REC_01082,2
REC_01083,3
REC_01084,3
REC_01085,2
REC_01086,3
REC_01087,2
REC_01088,3
REC_01089,2
REC_01090,3
REC_01091,3
REC_01092,2
REC_01093,2
REC_01094,2
REC_01095,1
REC_01096,3
REC_01097,2
REC_01098,2
REC_01099,3
REC_01100,3
REC_01101,2
REC_01102,2
REC_01103,2
REC_01104,3
REC_01105,2
REC_01106,3
REC_01107,2
REC_01108,3
REC_01109,3
REC_01110,3
REC_01111,3
REC_01112,2
REC_01113,3
REC_01114,3
REC_01115,3
REC_01116,3
REC_01117,3
REC_01118,3
REC_01119,3
REC_01120,3
REC_01121,3
REC_01122,3
REC_01123,2
REC_01124,3
REC_01125,2
REC_01126,2
REC_01127,3
REC_01128,3
REC_01129,3
REC_01130,2
REC_01131,3
REC_01132,3
REC_01133,2
REC_01134,3
REC_01135,2
REC_01136,3
REC_01137,3
REC_01138,3
REC_01139,3
REC_01140,3
REC_01141,3
REC_01142,3
REC_01143,2
REC_01144,1
REC_01145,2
REC_01146,3
REC_01147,3
REC_01148,3
REC_01149,3
REC_01150,3
REC_01151,3
REC_01152,2
REC_01153,3
REC_01154,3
REC_01155,3
REC_01156,3
REC_01157,2
REC_01158,3
REC_01159,2
REC_01160,3
REC_01161,2
REC_01162,3
REC_01163,2
REC_01164,3
REC_01165,2
REC_01166,2
REC_01167,2
REC_01168,3
REC_01169,2
REC_01170,3
REC_01171,3
REC_01172,2
REC_01173,2
REC_01174,3
REC_01175,2
REC_01176,3
REC_01177,3
REC_01178,3
REC_01179,3
REC_01180,3
REC_01181,3
REC_01182,3
REC_01183,2
REC_01184,3
REC_01185,3
REC_01186,3
REC_01187,2
REC_01188,2
REC_01189,1
REC_01190,3
REC_01191,3
REC_01192,3
REC_01193,3
REC_01194,2
REC_01195,3
REC_01196,2
REC_01197,3
REC_01198,2
REC_01199,3
REC_01200,2
REC_01201,2
REC_01202,3
REC_01203,3
REC_01204,3
REC_01205,3
REC_01206,3
REC_01207,2
REC_01208,2
REC_01209,3
REC_01210,2
REC_01211,2
REC_01212,3
REC_01213,2
REC_01214,2
REC_01215,2
REC_01216,2
REC_01217,3
REC_01218,3
REC_01219,3
REC_01220,3
REC_01221,2
REC_01222,2
REC_01223,3
REC_01224,3
REC_01225,3
REC_01226,2
REC_01227,3
REC_01228,2
REC_01229,3
REC_01230,3
REC_01231,3
REC_01232,3
REC_01233,2
REC_01234,3
REC_01235,2
REC_01236,3
REC_01237,3
REC_01238,0
REC_01239,3
REC_01240,2
REC_01241,1
REC_01242,2
REC_01243,1
REC_01244,2
REC_01245,2
REC_01246,1
REC_01247,1
REC_01248,2
REC_01249,1
REC_01250,2
REC_01251,2
REC_01252,2
REC_01253,1
REC_01254,1
REC_01255,1
REC_01256,1
REC_01257,1
REC_01258,2
REC_01259,1
REC_01260,1
REC_01261,1
REC_01262,1
REC_01263,2
REC_01264,2
REC_01265,1
REC_01266,2
REC_01267,2
REC_01268,1
REC_01269,1
REC_01270,2
REC_01271,2
REC_01272,1
REC_01273,2
REC_01274,2
REC_01275,1
REC_01276,1
REC_01277,1
REC_01278,1
REC_01279,2
REC_01280,2
REC_01281,1
REC_01282,1
REC_01283,1
REC_01284,2
REC_01285,2
REC_01286,1
REC_01287,2
REC_01288,2
REC_01289,2
REC_01290,2
REC_01291,2
REC_01292,2
REC_01293,2
REC_01294,1
REC_01295,2
REC_01296,1
REC_01297,2
REC_01298,2
REC_01299,1
REC_01300,1
REC_01301,1
REC_01302,1
REC_01303,1
REC_01304,2
REC_01305,2
REC_01306,1
REC_01307,2
REC_01308,1
REC_01309,1
REC_01310,1
REC_01311,1
REC_01312,1
REC_01313,2
REC_01314,2
REC_01315,1
REC_01316,1
REC_01317,1
REC_01318,1
REC_01319,1
REC_01320,1
REC_01321,1
REC_01322,1
REC_01323,2
REC_01324,1
REC_01325,1
REC_01326,2
REC_01327,1
REC_01328,1
REC_01329,1
REC_01330,1
REC_01331,1
REC_01332,1
REC_01333,1
REC_01334,1
REC_01335,1
REC_01336,1
REC_01337,1
REC_01338,1
REC_01339,1
REC_01340,1
REC_01341,1
REC_01342,2
REC_01343,1
REC_01344,2
REC_01345,2
REC_01346,1
REC_01347,1
REC_01348,1
REC_01349,2
REC_01350,1
REC_01351,2
REC_01352,2
REC_01353,2
REC_01354,2
REC_01355,2
REC_01356,2
REC_01357,2
REC_01358,2
REC_01359,2
REC_01360,1
REC_01361,2
REC_01362,2
REC_01363,2
REC_01364,0
REC_01365,2
REC_01366,2
REC_01367,1
REC_01368,2
REC_01369,2
REC_01370,1
REC_01371,2
REC_01372,1
REC_01373,1
REC_01374,1
REC_01375,2
REC_01376,1
REC_01377,2
REC_01378,2
REC_01379,1
REC_01380,1
REC_01381,1
REC_01382,1
REC_01383,1
REC_01384,1
REC_01385,2
REC_01386,2
REC_01387,2
REC_01388,2
REC_01389,1
REC_01390,1
REC_01391,1
REC_01392,0
REC_01393,2
REC_01394,1
REC_01395,1
REC_01396,1
REC_01397,2
REC_01398,1
REC_01399,1
REC_01400,1
REC_01401,2
REC_01402,1
REC_01403,1
REC_01404,1
REC_01405,2
REC_01406,2
REC_01407,2
REC_01408,2
REC_01409,2
REC_01410,2
REC_01411,2
REC_01412,2
REC_01413,2
REC_01414,2
REC_01415,2
REC_01416,2
REC_01417,2
REC_01418,2
REC_01419,2
REC_01420,2
REC_01421,2
REC_01422,2
REC_01423,2
REC_01424,2
REC_01425,2
REC_01426,2
REC_01427,2
REC_01428,2
REC_01429,2
REC_01430,2
REC_01431,2
REC_01432,2
REC_01433,2
REC_01434,1
REC_01435,2
REC_01436,2
REC_01437,2
REC_01438,3
REC_01439,2
REC_01440,1
REC_01441,1
REC_01442,1
REC_01443,1
REC_01444,2
REC_01445,1
REC_01446,1
REC_01447,2
REC_01448,2
REC_01449,2
REC_01450,2
REC_01451,1
REC_01452,3
REC_01453,2
REC_01454,3
REC_01455,2
REC_01456,2
REC_01457,2
REC_01458,2
REC_01459,2
REC_01460,1
REC_01461,2
REC_01462,2
REC_01463,2
REC_01464,2
REC_01465,1
REC_01466,2
REC_01467,2
REC_01468,2
REC_01469,2
REC_01470,1
REC_01471,2
REC_01472,1
REC_01473,2
REC_01474,2
REC_01475,2
REC_01476,2
REC_01477,2
REC_01478,2
REC_01479,2
REC_01480,2
REC_01481,2
REC_01482,2
REC_01483,2
REC_01484,2
REC_01485,2
REC_01486,2
REC_01487,2
REC_01488,2
REC_01489,2
REC_01490,2
REC_01491,2
REC_01492,2
REC_01493,2
REC_01494,2
REC_01495,2
REC_01496,2
REC_01497,2
REC_01498,2
REC_01499,2
REC_01500,2
REC_01501,2
REC_01502,2
REC_01503,2
REC_01504,2
REC_01505,2
REC_01506,2
REC_01507,2
REC_01508,2
REC_01509,1
REC_01510,2
REC_01511,2
REC_01512,2
REC_01513,2
REC_01514,1
REC_01515,2
REC_01516,2
REC_01517,1
REC_01518,1
REC_01519,2
REC_01520,2
REC_01521,2
REC_01522,1
REC_01523,1
REC_01524,2
REC_01525,2
REC_01526,1
REC_01527,2
REC_01528,2
REC_01529,2
REC_01530,2
REC_01531,1
REC_01532,2
REC_01533,3
REC_01534,1
REC_01535,2
REC_01536,3
REC_01537,2
REC_01538,2
REC_01539,3
REC_01540,1
REC_01541,2
REC_01542,2
REC_01543,2
REC_01544,2
REC_01545,2
REC_01546,2
REC_01547,2
REC_01548,2
REC_01549,2
REC_01550,2
REC_01551,2
REC_01552,2
REC_01553,2
REC_01554,2
REC_01555,2
REC_01556,2
REC_01557,2
REC_01558,2
REC_01559,2
REC_01560,2
REC_01561,2
REC_01562,2
REC_01563,2
REC_01564,1
REC_01565,2
REC_01566,2
REC_01567,2
REC_01568,2
REC_01569,2
REC_01570,2
REC_01571,2
REC_01572,2
REC_01573,2
REC_01574,1
REC_01575,2
REC_01576,2
REC_01577,2
REC_01578,2
REC_01579,2
REC_01580,2
REC_01581,1
REC_01582,1
REC_01583,2
REC_01584,2
REC_01585,2
REC_01586,2
REC_01587,2
REC_01588,2
REC_01589,2
REC_01590,2
REC_01591,2
REC_01592,2
REC_01593,2
REC_01594,2
REC_01595,2
REC_01596,2
REC_01597,2
REC_01598,2
REC_01599,2
REC_01600,2
REC_01601,2
REC_01602,2
REC_01603,2
REC_01604,2
REC_01605,2
REC_01606,2
REC_01607,2
REC_01608,2
REC_01609,2
REC_01610,1
REC_01611,2
REC_01612,2
REC_01613,2
REC_01614,1
REC_01615,1
REC_01616,2
REC_01617,1
REC_01618,2
REC_01619,2
REC_01620,2
REC_01621,2
REC_01622,1
REC_01623,2
REC_01624,2
REC_01625,2
REC_01626,1
REC_01627,2
REC_01628,2
REC_01629,2
REC_01630,0
REC_01631,0
REC_01632,2
REC_01633,2
REC_01634,2
REC_01635,2
REC_01636,1
REC_01637,2
REC_01638,2
REC_01639,2
REC_01640,1
REC_01641,2
REC_01642,2
REC_01643,1
REC_01644,2
REC_01645,2
REC_01646,1
REC_01647,2
REC_01648,1
REC_01649,2
REC_01650,1
REC_01651,1
REC_01652,2
REC_01653,2
REC_01654,2
REC_01655,2
REC_01656,2
REC_01657,2
REC_01658,2
REC_01659,1
REC_01660,0
REC_01661,2
REC_01662,2
REC_01663,2
REC_01664,2
REC_01665,1
REC_01666,1
REC_01667,2
REC_01668,2
REC_01669,2
REC_01670,2
REC_01671,2
REC_01672,2
REC_01673,2
REC_01674,2
REC_01675,3
REC_01676,3
REC_01677,3
REC_01678,3
REC_01679,3
REC_01680,3
REC_01681,3
REC_01682,3
REC_01683,3
REC_01684,2
REC_01685,3
REC_01686,2
REC_01687,3
REC_01688,2
REC_01689,3
REC_01690,2
REC_01691,2
REC_01692,2
REC_01693,2
REC_01694,2
REC_01695,3
REC_01696,2
REC_01697,2
REC_01698,2
REC_01699,2
REC_01700,3
REC_01701,3
REC_01702,3
REC_01703,3
REC_01704,2
REC_01705,2
REC_01706,2
REC_01707,3
REC_01708,3
REC_01709,3
REC_01710,3
REC_01711,2
REC_01712,2
REC_01713,3
REC_01714,2
REC_01715,3
REC_01716,2
REC_01717,2
REC_01718,1
REC_01719,2
REC_01720,2
REC_01721,2
REC_01722,2
REC_01723,2
REC_01724,2
REC_01725,2
REC_01726,2
REC_01727,2
REC_01728,2
REC_01729,2
REC_01730,3
REC_01731,2
REC_01732,2
REC_01733,2
REC_01734,2
REC_01735,2
REC_01736,1
REC_01737,2
REC_01738,2
REC_01739,1
REC_01740,2
REC_01741,3
REC_01742,1
REC_01743,3
REC_01744,1
REC_01745,2
REC_01746,3
REC_01747,2
REC_01748,2
REC_01749,2
REC_01750,2
REC_01751,2
REC_01752,1
REC_01753,2
REC_01754,2
REC_01755,3
REC_01756,2
REC_01757,2
REC_01758,2
REC_01759,2
REC_01760,2
REC_01761,2
REC_01762,2
REC_01763,2
REC_01764,2
REC_01765,2
REC_01766,2
REC_01767,3
REC_01768,2
REC_01769,2
REC_01770,2
REC_01771,2
REC_01772,2
REC_01773,2
REC_01774,3
REC_01775,2
REC_01776,2
REC_01777,1
REC_01778,1
REC_01779,2
REC_01780,1
REC_01781,2
REC_01782,3
REC_01783,2
REC_01784,2
REC_01785,2
REC_01786,2
REC_01787,2
REC_01788,2
REC_01789,2
REC_01790,2
REC_01791,2
REC_01792,2
REC_01793,2
REC_01794,2
REC_01795,2
REC_01796,2
REC_01797,2
REC_01798,2
REC_01799,2
REC_01800,2
REC_01801,2
REC_01802,2
REC_01803,2
REC_01804,2
REC_01805,2
REC_01806,2
REC_01807,2
REC_01808,2
REC_01809,2
REC_01810,2
REC_01811,2
REC_01812,2
REC_01813,2
REC_01814,2
REC_01815,3
REC_01816,2
REC_01817,1
REC_01818,2
REC_01819,2
REC_01820,2
REC_01821,2
REC_01822,2
REC_01823,2
REC_01824,3
REC_01825,1
REC_01826,2
REC_01827,1
REC_01828,2
REC_01829,3
REC_01830,2
REC_01831,2
REC_01832,2
REC_01833,1
REC_01834,3
REC_01835,2
REC_01836,2
REC_01837,2
REC_01838,2
REC_01839,2
REC_01840,2
REC_01841,2
REC_01842,2
REC_01843,1
REC_01844,3
REC_01845,3
REC_01846,1
REC_01847,2
REC_01848,3
REC_01849,2
REC_01850,1
REC_01851,2
REC_01852,3
REC_01853,1
REC_01854,2
REC_01855,2
REC_01856,2
REC_01857,2
REC_01858,2
REC_01859,2
REC_01860,2
REC_01861,3
REC_01862,1
REC_01863,3
REC_01864,1
REC_01865,1
REC_01866,2
REC_01867,3
REC_01868,2
REC_01869,2
REC_01870,2
REC_01871,2
REC_01872,2
REC_01873,3
REC_01874,2
REC_01875,2
REC_01876,3
REC_01877,3
REC_01878,2
REC_01879,3
REC_01880,3
REC_01881,2
REC_01882,2
REC_01883,2
REC_01884,3
REC_01885,3
REC_01886,2
REC_01887,2
REC_01888,3
REC_01889,2
REC_01890,2
REC_01891,2
REC_01892,3
REC_01893,1
REC_01894,2
REC_01895,2
REC_01896,3
REC_01897,2
REC_01898,2
REC_01899,3
REC_01900,2
REC_01901,3
REC_01902,3
REC_01903,2
REC_01904,2
REC_01905,2
REC_01906,3
REC_01907,2
REC_01908,2
REC_01909,2
REC_01910,2
REC_01911,2
REC_01912,2
REC_01913,2
REC_01914,2
REC_01915,2
REC_01916,2
REC_01917,1
REC_01918,3
REC_01919,2
REC_01920,1
REC_01921,2
REC_01922,2
REC_01923,2
REC_01924,2
REC_01925,1
REC_01926,2
REC_01927,2
REC_01928,2
REC_01929,2
REC_01930,3
REC_01931,2
REC_01932,3
REC_01933,2
REC_01934,3
REC_01935,2
REC_01936,2
REC_01937,3
REC_01938,2
REC_01939,3
REC_01940,3
REC_01941,3
REC_01942,3
REC_01943,3
REC_01944,3
REC_01945,3
REC_01946,2
REC_01947,3
REC_01948,3
REC_01949,3
REC_01950,3
REC_01951,3
REC_01952,3
REC_01953,3
REC_01954,2
REC_01955,3
REC_01956,2
REC_01957,1
REC_01958,3
REC_01959,1
REC_01960,2
REC_01961,3
REC_01962,2
REC_01963,2
REC_01964,3
REC_01965,2
REC_01966,2
REC_01967,3
REC_01968,2
REC_01969,3
REC_01970,2
REC_01971,3
REC_01972,3
REC_01973,2
REC_01974,2
REC_01975,2
REC_01976,3
REC_01977,2
REC_01978,3
REC_01979,3
REC_01980,3
REC_01981,3
REC_01982,3
REC_01983,2
REC_01984,3
REC_01985,3
REC_01986,2
REC_01987,3
REC_01988,3
REC_01989,2
REC_01990,3
REC_01991,2
REC_01992,2
REC_01993,2
REC_01994,3
REC_01995,2
REC_01996,3
REC_01997,3
REC_01998,3
REC_01999,2
REC_02000,2
REC_02001,3
REC_02002,2
REC_02003,3
REC_02004,3
REC_02005,2
REC_02006,3
REC_02007,3
REC_02008,2
REC_02009,2
REC_02010,3
REC_02011,2
REC_02012,2
REC_02013,1
REC_02014,2
REC_02015,3
REC_02016,2
REC_02017,2
REC_02018,3
REC_02019,2
REC_02020,2
REC_02021,3
REC_02022,1
REC_02023,3
REC_02024,3
REC_02025,2
REC_02026,1
REC_02027,2
REC_02028,2
REC_02029,2
REC_02030,2
REC_02031,2
REC_02032,2
REC_02033,2
REC_02034,2
REC_02035,2
REC_02036,3
REC_02037,2
REC_02038,3
REC_02039,3
REC_02040,3
REC_02041,3
REC_02042,1
REC_02043,3
REC_02044,3
REC_02045,3
REC_02046,3
REC_02047,2
REC_02048,2
REC_02049,2
REC_02050,2
REC_02051,3
REC_02052,3
REC_02053,2
REC_02054,3
REC_02055,2
REC_02056,2
REC_02057,3
REC_02058,2
REC_02059,3
REC_02060,2
REC_02061,3
REC_02062,3
REC_02063,2
REC_02064,1
REC_02065,1
REC_02066,2
REC_02067,3
REC_02068,1
REC_02069,2
REC_02070,2
REC_02071,1
REC_02072,2
REC_02073,2
REC_02074,3
REC_02075,2
REC_02076,1
REC_02077,2
REC_02078,1
REC_02079,3
REC_02080,0
REC_02081,3
REC_02082,3
REC_02083,3
REC_02084,3
REC_02085,3
REC_02086,3
REC_02087,2
REC_02088,2
REC_02089,3
REC_02090,3
REC_02091,3
REC_02092,1
REC_02093,3
REC_02094,3
REC_02095,2
REC_02096,3
REC_02097,3
REC_02098,3
REC_02099,2
REC_02100,2
REC_02101,3
REC_02102,2
REC_02103,2
REC_02104,2
REC_02105,3
REC_02106,3
REC_02107,2
REC_02108,1
REC_02109,3
REC_02110,2
REC_02111,3
REC_02112,2
REC_02113,3
REC_02114,3
REC_02115,2
REC_02116,3
REC_02117,1
REC_02118,3
REC_02119,2
REC_02120,1
REC_02121,2
REC_02122,2
REC_02123,2
REC_02124,2
REC_02125,3
REC_02126,2
REC_02127,2
REC_02128,2
REC_02129,3
REC_02130,2
REC_02131,2
REC_02132,2
REC_02133,2
REC_02134,2
REC_02135,2
REC_02136,3
REC_02137,2
REC_02138,2
REC_02139,2
REC_02140,2
REC_02141,2
REC_02142,2
REC_02143,2
REC_02144,2
REC_02145,3
REC_02146,3
REC_02147,2
REC_02148,2
REC_02149,3
REC_02150,3
REC_02151,3
REC_02152,2
REC_02153,2
REC_02154,1
REC_02155,2
REC_02156,2
REC_02157,2
REC_02158,1
REC_02159,3
REC_02160,3
REC_02161,3
REC_02162,2
REC_02163,3
REC_02164,1
REC_02165,1
REC_02166,3
REC_02167,2
REC_02168,2
REC_02169,2
REC_02170,2
REC_02171,2
REC_02172,2
REC_02173,3
REC_02174,3
REC_02175,2
REC_02176,1
REC_02177,2
REC_02178,2
REC_02179,3
REC_02180,1
REC_02181,2
REC_02182,3
REC_02183,3
REC_02184,3
REC_02185,2
REC_02186,2
REC_02187,3
REC_02188,1
REC_02189,2
REC_02190,1
REC_02191,2
REC_02192,1
REC_02193,1
REC_02194,1
REC_02195,2
REC_02196,2
REC_02197,2
REC_02198,3
REC_02199,2
REC_02200,2
REC_02201,2
REC_02202,1
REC_02203,2
REC_02204,2
REC_02205,2
REC_02206,3
REC_02207,1
REC_02208,1
REC_02209,2
REC_02210,1
REC_02211,2
REC_02212,1
REC_02213,2
REC_02214,2
REC_02215,2
REC_02216,1
REC_02217,2
REC_02218,1
REC_02219,1
REC_02220,1
REC_02221,1
REC_02222,1
REC_02223,1
REC_02224,2
REC_02225,1
REC_02226,1
REC_02227,1
REC_02228,2
REC_02229,2
REC_02230,1
REC_02231,1
REC_02232,2
REC_02233,2
REC_02234,2
REC_02235,2
REC_02236,2
REC_02237,2
REC_02238,2
REC_02239,2
REC_02240,2
REC_02241,2
REC_02242,2
REC_02243,2
REC_02244,2
REC_02245,2
REC_02246,2
REC_02247,2
REC_02248,2
REC_02249,2
REC_02250,1
REC_02251,2
REC_02252,2
REC_02253,2
REC_02254,2
REC_02255,1
REC_02256,1
REC_02257,2
REC_02258,2
REC_02259,1
REC_02260,2
REC_02261,2
REC_02262,2
REC_02263,2
REC_02264,1
REC_02265,2
REC_02266,2
REC_02267,1
REC_02268,2
REC_02269,1
REC_02270,1
REC_02271,2
REC_02272,2
REC_02273,2
REC_02274,3
REC_02275,2
REC_02276,1
REC_02277,1
REC_02278,2
REC_02279,2
REC_02280,2
REC_02281,1
REC_02282,2
REC_02283,1
REC_02284,1
REC_02285,2
REC_02286,1
REC_02287,1
REC_02288,2
REC_02289,2
REC_02290,1
REC_02291,2
REC_02292,1
REC_02293,2
REC_02294,1
REC_02295,2
REC_02296,2
REC_02297,2
REC_02298,1
REC_02299,1
REC_02300,1
REC_02301,2
REC_02302,1
REC_02303,2
REC_02304,2
REC_02305,2
REC_02306,2
REC_02307,2
REC_02308,2
REC_02309,2
REC_02310,2
REC_02311,2
REC_02312,2
REC_02313,2
REC_02314,2
REC_02315,2
REC_02316,2
REC_02317,2
REC_02318,2
REC_02319,2
REC_02320,2
REC_02321,2
REC_02322,2
REC_02323,2
REC_02324,1
REC_02325,2
REC_02326,2
REC_02327,1
REC_02328,2
REC_02329,2
REC_02330,2
REC_02331,1
REC_02332,2
REC_02333,2
REC_02334,2
REC_02335,2
REC_02336,2
REC_02337,2
REC_02338,2
REC_02339,2
REC_02340,2
REC_02341,2
REC_02342,2
REC_02343,2
REC_02344,2
REC_02345,2
REC_02346,2
REC_02347,1
REC_02348,2
REC_02349,2
REC_02350,1
REC_02351,1
REC_02352,1
REC_02353,1
REC_02354,2
REC_02355,2
REC_02356,2
REC_02357,2
REC_02358,2
REC_02359,3
REC_02360,2
REC_02361,2
REC_02362,2
REC_02363,1
REC_02364,2
REC_02365,1
REC_02366,2
REC_02367,2
REC_02368,3
REC_02369,1
REC_02370,1
REC_02371,2
REC_02372,1
REC_02373,2
REC_02374,1
REC_02375,1
REC_02376,2
REC_02377,2
REC_02378,1
REC_02379,1
REC_02380,2
REC_02381,2
REC_02382,3
REC_02383,2
REC_02384,1
REC_02385,3
REC_02386,2
REC_02387,2
REC_02388,1
REC_02389,2
REC_02390,2
REC_02391,2
REC_02392,2
REC_02393,1
REC_02394,2
REC_02395,1
REC_02396,1
REC_02397,1
REC_02398,1
REC_02399,1
REC_02400,1
REC_02401,1
REC_02402,2
REC_02403,1
REC_02404,1
REC_02405,1
REC_02406,2
REC_02407,1
REC_02408,1
REC_02409,1
REC_02410,1
REC_02411,1
REC_02412,2
REC_02413,2
REC_02414,2
REC_02415,1
REC_02416,2
REC_02417,1
REC_02418,1
REC_02419,1
REC_02420,1
REC_02421,2
REC_02422,2
REC_02423,1
REC_02424,1
REC_02425,2
REC_02426,1
REC_02427,1
REC_02428,1
REC_02429,1
REC_02430,2
REC_02431,1
REC_02432,2
REC_02433,1
REC_02434,2
REC_02435,1
REC_02436,1
REC_02437,1
REC_02438,1
REC_02439,1
REC_02440,1
REC_02441,2
REC_02442,2
REC_02443,1
REC_02444,2
REC_02445,1
REC_02446,1
REC_02447,1
REC_02448,2
REC_02449,1
REC_02450,1
REC_02451,1
REC_02452,2
REC_02453,2
REC_02454,2
REC_02455,1
REC_02456,2
REC_02457,1
REC_02458,1
REC_02459,1
REC_02460,1
REC_02461,1
REC_02462,1
REC_02463,1
REC_02464,2
REC_02465,1
REC_02466,1
REC_02467,1
REC_02468,1
REC_02469,1
REC_02470,1
REC_02471,1
REC_02472,1
REC_02473,1
REC_02474,1
REC_02475,1
REC_02476,1
REC_02477,1
REC_02478,1
REC_02479,1
REC_02480,1
REC_02481,1
REC_02482,1
REC_02483,1
REC_02484,1
REC_02485,1
REC_02486,1
REC_02487,1
REC_02488,1
REC_02489,1
REC_02490,1
REC_02491,1
REC_02492,1
REC_02493,1
REC_02494,2
REC_02495,1
REC_02496,1
REC_02497,1
REC_02498,2
REC_02499,1
REC_02500,1
REC_02501,1
REC_02502,1
REC_02503,1
REC_02504,1
REC_02505,1
REC_02506,1
REC_02507,1
REC_02508,1
REC_02509,1
REC_02510,1
REC_02511,1
REC_02512,1
REC_02513,1
REC_02514,1
REC_02515,1
REC_02516,1
REC_02517,1
REC_02518,1
REC_02519,1
REC_02520,1
REC_02521,1
REC_02522,1
REC_02523,1
REC_02524,1
REC_02525,1
REC_02526,1
REC_02527,1
REC_02528,1
REC_02529,1
REC_02530,1
REC_02531,1
REC_02532,1
REC_02533,1
REC_02534,1
REC_02535,1
REC_02536,1
REC_02537,2
REC_02538,1
REC_02539,1
REC_02540,1
REC_02541,1
REC_02542,1
REC_02543,1
REC_02544,1
REC_02545,1
REC_02546,1
REC_02547,1
REC_02548,1
REC_02549,1
REC_02550,1
REC_02551,1
REC_02552,2
REC_02553,1
REC_02554,2
REC_02555,1
REC_02556,2
REC_02557,1
REC_02558,2
REC_02559,2
REC_02560,2
REC_02561,1
REC_02562,1
REC_02563,1
REC_02564,1
REC_02565,2
REC_02566,1
REC_02567,1
REC_02568,2
REC_02569,1
REC_02570,1
REC_02571,2
REC_02572,1
REC_02573,1
REC_02574,1
REC_02575,1
REC_02576,1
REC_02577,1
REC_02578,1
REC_02579,1
REC_02580,2
REC_02581,1
REC_02582,1
REC_02583,1
REC_02584,1
REC_02585,1
REC_02586,1
REC_02587,1
REC_02588,2
REC_02589,1
REC_02590,2
REC_02591,2
REC_02592,1
REC_02593,1
REC_02594,1
REC_02595,1
REC_02596,1
REC_02597,2
REC_02598,2
REC_02599,1
REC_02600,1
REC_02601,1
REC_02602,2
REC_02603,2
REC_02604,1
REC_02605,2
REC_02606,2
REC_02607,1
REC_02608,0
REC_02609,1
REC_02610,1
REC_02611,1
REC_02612,1
REC_02613,1
REC_02614,1
REC_02615,2
REC_02616,1
REC_02617,1
REC_02618,1
REC_02619,1
REC_02620,1
REC_02621,1
REC_02622,1
REC_02623,1
REC_02624,1
REC_02625,1
REC_02626,1
REC_02627,1
REC_02628,1
REC_02629,2
REC_02630,1
REC_02631,1
REC_02632,1
REC_02633,2
REC_02634,2
REC_02635,1
REC_02636,2
REC_02637,1
REC_02638,1
REC_02639,1
REC_02640,1
REC_02641,1
REC_02642,1
REC_02643,1
REC_02644,1
REC_02645,1
REC_02646,1
REC_02647,2
REC_02648,2
REC_02649,3
REC_02650,1
REC_02651,3
REC_02652,1
REC_02653,1
REC_02654,1
REC_02655,1
REC_02656,2
REC_02657,3
REC_02658,2
REC_02659,2
REC_02660,3
REC_02661,3
REC_02662,3
REC_02663,3
REC_02664,1
REC_02665,1
REC_02666,1
REC_02667,1
REC_02668,1
REC_02669,2
REC_02670,2
REC_02671,2
REC_02672,3
REC_02673,2
REC_02674,2
REC_02675,3
REC_02676,2
REC_02677,1
REC_02678,1
REC_02679,1
REC_02680,3
REC_02681,1
REC_02682,2
REC_02683,1
REC_02684,2
REC_02685,1
REC_02686,1
REC_02687,3
REC_02688,3
REC_02689,3
REC_02690,3
REC_02691,3
REC_02692,3
REC_02693,3
REC_02694,2
REC_02695,3
REC_02696,3
REC_02697,3
REC_02698,3
REC_02699,2
REC_02700,3
REC_02701,2
REC_02702,2
REC_02703,3
REC_02704,1
REC_02705,2
REC_02706,3
REC_02707,3
REC_02708,2
REC_02709,1
REC_02710,2
REC_02711,3
REC_02712,1
REC_02713,1
REC_02714,2
REC_02715,2
REC_02716,1
REC_02717,1
REC_02718,1
REC_02719,1
REC_02720,2
REC_02721,2
REC_02722,2
REC_02723,1
REC_02724,2
REC_02725,1
REC_02726,1
REC_02727,1
REC_02728,0
REC_02729,2
REC_02730,2
REC_02731,1
REC_02732,0
REC_02733,2
REC_02734,0
REC_02735,0
REC_02736,2
REC_02737,3
REC_02738,2
REC_02739,3
REC_02740,2
REC_02741,2
REC_02742,2
REC_02743,3
REC_02744,2
REC_02745,2
REC_02746,2
REC_02747,2
REC_02748,2
REC_02749,2
REC_02750,3
REC_02751,3
REC_02752,2
REC_02753,2
REC_02754,2
REC_02755,1
REC_02756,3
REC_02757,2
REC_02758,2
REC_02759,3
REC_02760,2
REC_02761,2
REC_02762,2
REC_02763,2
REC_02764,3
REC_02765,2
REC_02766,2
REC_02767,2
REC_02768,2
REC_02769,2
REC_02770,2
REC_02771,2
REC_02772,2
REC_02773,3
REC_02774,2
REC_02775,2
REC_02776,2
REC_02777,2
REC_02778,2
REC_02779,2
REC_02780,2
REC_02781,1
REC_02782,1
REC_02783,1
REC_02784,2
REC_02785,2
REC_02786,2
REC_02787,2
REC_02788,2
REC_02789,2
REC_02790,2
REC_02791,2
REC_02792,2
REC_02793,2
REC_02794,1
REC_02795,2
REC_02796,1
REC_02797,1
REC_02798,0
REC_02799,1
REC_02800,2
REC_02801,0
REC_02802,2
REC_02803,1
REC_02804,1
REC_02805,1
REC_02806,0
REC_02807,2
REC_02808,0
REC_02809,0
REC_02810,0
REC_02811,0
REC_02812,2
REC_02813,0
REC_02814,0
REC_02815,0
REC_02816,0
REC_02817,0
REC_02818,2
REC_02819,2
REC_02820,0
REC_02821,0
REC_02822,0
REC_02823,0
REC_02824,0
REC_02825,0
REC_02826,0
REC_02827,0
REC_02828,0
REC_02829,0
REC_02830,0
REC_02831,0
REC_02832,0
REC_02833,2
REC_02834,0
REC_02835,0
REC_02836,0
REC_02837,0
REC_02838,0
REC_02839,1
REC_02840,1
REC_02841,1
REC_02842,0
REC_02843,3
REC_02844,2
REC_02845,2
REC_02846,1
REC_02847,2
REC_02848,1
REC_02849,2
REC_02850,2
REC_02851,3
REC_02852,1
REC_02853,2
REC_02854,2
REC_02855,0
REC_02856,3
REC_02857,2
REC_02858,3
REC_02859,3
REC_02860,2
REC_02861,2
REC_02862,3
REC_02863,1
REC_02864,2
REC_02865,1
REC_02866,3
REC_02867,1
REC_02868,3
REC_02869,3
REC_02870,0
REC_02871,2
REC_02872,2
REC_02873,2
REC_02874,2
REC_02875,2
REC_02876,2
REC_02877,2
REC_02878,2
REC_02879,1
REC_02880,1
REC_02881,2
REC_02882,2
REC_02883,1
REC_02884,2
REC_02885,2
REC_02886,2
REC_02887,2
REC_02888,1
REC_02889,2
REC_02890,2
REC_02891,1
REC_02892,1
REC_02893,2
REC_02894,2
REC_02895,2
REC_02896,1
REC_02897,1
REC_02898,2
REC_02899,1
REC_02900,2
REC_02901,1
REC_02902,2
REC_02903,2
REC_02904,1
REC_02905,1
REC_02906,1
REC_02907,2
REC_02908,1
REC_02909,2
REC_02910,1
REC_02911,1
REC_02912,2
REC_02913,2
REC_02914,1
REC_02915,2
REC_02916,2
REC_02917,1
REC_02918,1
REC_02919,1
REC_02920,1
REC_02921,1
REC_02922,2
REC_02923,2
REC_02924,1
REC_02925,1
REC_02926,1
REC_02927,1
REC_02928,2
REC_02929,2
REC_02930,1
REC_02931,2
REC_02932,2
REC_02933,1
REC_02934,1
REC_02935,2
REC_02936,2
REC_02937,1
REC_02938,1
REC_02939,1
REC_02940,1
REC_02941,1
REC_02942,1
REC_02943,2
REC_02944,2
REC_02945,2
REC_02946,1
REC_02947,1
REC_02948,2
REC_02949,1
REC_02950,1
REC_02951,1
REC_02952,1
REC_02953,2
REC_02954,1
REC_02955,2
REC_02956,2
REC_02957,1
REC_02958,2
REC_02959,1
REC_02960,2
REC_02961,2
REC_02962,1
REC_02963,2
REC_02964,1
REC_02965,1
REC_02966,2
REC_02967,1
REC_02968,2
REC_02969,2
REC_02970,1
REC_02971,1
REC_02972,2
REC_02973,1
REC_02974,1
REC_02975,2
REC_02976,2
REC_02977,1
REC_02978,2
REC_02979,1
REC_02980,1
REC_02981,1
REC_02982,1
REC_02983,1
REC_02984,1
REC_02985,1
REC_02986,2
REC_02987,1
REC_02988,1
REC_02989,1
REC_02990,2
REC_02991,1
REC_02992,2
REC_02993,1
REC_02994,2
REC_02995,1
REC_02996,1
REC_02997,1
REC_02998,1
REC_02999,1
REC_03000,1
REC_03001,1
REC_03002,1
REC_03003,2
REC_03004,2
REC_03005,1
REC_03006,1
REC_03007,2
REC_03008,1
REC_03009,1
REC_03010,2
REC_03011,1
REC_03012,1
REC_03013,1
REC_03014,1
REC_03015,2
REC_03016,2
REC_03017,1
REC_03018,2
REC_03019,1
REC_03020,1
REC_03021,1
REC_03022,1
REC_03023,1
REC_03024,1
REC_03025,2
REC_03026,1
REC_03027,1
REC_03028,2
REC_03029,1
REC_03030,1
REC_03031,1
REC_03032,2
REC_03033,1
REC_03034,2
REC_03035,1
REC_03036,1
REC_03037,1
REC_03038,1
REC_03039,2
REC_03040,2
REC_03041,1
REC_03042,2
REC_03043,1
REC_03044,1
REC_03045,1
REC_03046,1
REC_03047,1
REC_03048,2
REC_03049,1
REC_03050,2
REC_03051,1
REC_03052,2
REC_03053,2
REC_03054,1
REC_03055,2
REC_03056,2
REC_03057,2
REC_03058,1
REC_03059,2
REC_03060,1
REC_03061,1
REC_03062,1
REC_03063,2
REC_03064,1
REC_03065,1
REC_03066,1
REC_03067,1
REC_03068,2
REC_03069,1
REC_03070,1
REC_03071,1
REC_03072,1
REC_03073,2
REC_03074,1
REC_03075,1
REC_03076,1
REC_03077,2
REC_03078,1
REC_03079,1
REC_03080,1
REC_03081,1
REC_03082,1
REC_03083,1
REC_03084,2
REC_03085,1
REC_03086,2
REC_03087,2
REC_03088,2
REC_03089,2
REC_03090,1
REC_03091,1
REC_03092,2
REC_03093,1
REC_03094,2
REC_03095,2
REC_03096,2
REC_03097,2
REC_03098,2
REC_03099,2
REC_03100,1
REC_03101,1
REC_03102,2
REC_03103,2
REC_03104,2
REC_03105,1
REC_03106,1
REC_03107,1
REC_03108,1
REC_03109,1
REC_03110,2
REC_03111,1
REC_03112,1
REC_03113,2
REC_03114,1
REC_03115,2
REC_03116,1
REC_03117,2
REC_03118,1
REC_03119,2
REC_03120,1
REC_03121,2
REC_03122,1
REC_03123,1
REC_03124,1
REC_03125,1
REC_03126,2
REC_03127,2
REC_03128,1
REC_03129,2
REC_03130,1
REC_03131,1
REC_03132,1
REC_03133,2
REC_03134,1
REC_03135,1
REC_03136,1
REC_03137,2
REC_03138,2
REC_03139,1
REC_03140,1
REC_03141,1
REC_03142,2
REC_03143,2
REC_03144,2
REC_03145,1
REC_03146,1
REC_03147,1
REC_03148,1
REC_03149,1
REC_03150,1
REC_03151,1
REC_03152,2
REC_03153,1
REC_03154,2
REC_03155,1
REC_03156,1
REC_03157,1
REC_03158,1
REC_03159,1
REC_03160,1
REC_03161,1
REC_03162,2
REC_03163,2
REC_03164,1
REC_03165,1
REC_03166,2
REC_03167,2
REC_03168,1
REC_03169,1
REC_03170,1
REC_03171,1
REC_03172,2
REC_03173,1
REC_03174,2
REC_03175,1
REC_03176,2
REC_03177,2
REC_03178,2
REC_03179,1
REC_03180,1
REC_03181,1
REC_03182,1
REC_03183,2
REC_03184,1
REC_03185,1
REC_03186,1
REC_03187,1
REC_03188,2
REC_03189,2
REC_03190,1
REC_03191,1
REC_03192,1
REC_03193,1
REC_03194,1
REC_03195,1
REC_03196,1
REC_03197,1
REC_03198,2
REC_03199,2
REC_03200,1
REC_03201,1
REC_03202,1
REC_03203,1
REC_03204,1
REC_03205,2
REC_03206,2
REC_03207,2
REC_03208,2
REC_03209,1
REC_03210,1
REC_03211,1
REC_03212,1
REC_03213,1
REC_03214,1
REC_03215,1
REC_03216,1
REC_03217,1
REC_03218,1
REC_03219,1
REC_03220,2
REC_03221,2
REC_03222,1
REC_03223,2
REC_03224,1
REC_03225,1
REC_03226,1
REC_03227,2
REC_03228,1
REC_03229,1
REC_03230,2
REC_03231,1
REC_03232,1
REC_03233,1
REC_03234,1
REC_03235,1
REC_03236,1
REC_03237,1
REC_03238,2
REC_03239,1
REC_03240,1
REC_03241,2
REC_03242,1
REC_03243,1
REC_03244,1
REC_03245,1
REC_03246,1
REC_03247,1
REC_03248,1
REC_03249,1
REC_03250,1
REC_03251,1
REC_03252,1
REC_03253,1
REC_03254,1
REC_03255,1
REC_03256,1
REC_03257,1
REC_03258,1
REC_03259,1
REC_03260,1
REC_03261,1
REC_03262,1
REC_03263,1
REC_03264,1
REC_03265,1
REC_03266,1
REC_03267,1
REC_03268,1
REC_03269,1
REC_03270,1
REC_03271,1
REC_03272,1
REC_03273,1
REC_03274,2
REC_03275,1
REC_03276,1
REC_03277,1
REC_03278,1
REC_03279,1
REC_03280,1
REC_03281,2
REC_03282,1
REC_03283,1
REC_03284,2
REC_03285,1
REC_03286,1
REC_03287,1
REC_03288,2
REC_03289,1
REC_03290,2
REC_03291,1
REC_03292,1
REC_03293,1
REC_03294,2
REC_03295,2
REC_03296,2
REC_03297,1
REC_03298,1
REC_03299,1
REC_03300,1
REC_03301,1
REC_03302,1
REC_03303,2
REC_03304,1
REC_03305,2
REC_03306,1
REC_03307,1
REC_03308,2
REC_03309,1
REC_03310,1
REC_03311,2
REC_03312,2
REC_03313,1
REC_03314,1
REC_03315,2
REC_03316,1
REC_03317,2
REC_03318,1
REC_03319,1
REC_03320,2
REC_03321,1
REC_03322,1
REC_03323,2
REC_03324,1
REC_03325,1
REC_03326,1
REC_03327,1
REC_03328,1
REC_03329,2
REC_03330,1
REC_03331,1
REC_03332,1
REC_03333,1
REC_03334,1
REC_03335,1
REC_03336,1
REC_03337,2
REC_03338,1
REC_03339,1
REC_03340,1
REC_03341,2
REC_03342,1
REC_03343,2
REC_03344,2
REC_03345,1
REC_03346,2
REC_03347,1
REC_03348,2
REC_03349,2
REC_03350,2
REC_03351,2
REC_03352,2
REC_03353,2
REC_03354,2
REC_03355,2
REC_03356,1
REC_03357,1
REC_03358,1
REC_03359,2
REC_03360,1
REC_03361,2
REC_03362,1
REC_03363,1
REC_03364,1
REC_03365,2
REC_03366,1
REC_03367,1
REC_03368,1
REC_03369,1
REC_03370,1
REC_03371,1
REC_03372,1
REC_03373,2
REC_03374,2
REC_03375,1
REC_03376,1
REC_03377,2
REC_03378,1
REC_03379,2
REC_03380,1
REC_03381,1
REC_03382,1
REC_03383,1
REC_03384,1
REC_03385,2
REC_03386,2
REC_03387,1
REC_03388,1
REC_03389,1
REC_03390,1
REC_03391,1
REC_03392,1
REC_03393,1
REC_03394,1
REC_03395,1
REC_03396,1
REC_03397,2
REC_03398,1
REC_03399,1
REC_03400,1
REC_03401,1
REC_03402,1
REC_03403,1
REC_03404,2
REC_03405,1
REC_03406,1
REC_03407,0
REC_03408,1
REC_03409,1
REC_03410,1
REC_03411,1
REC_03412,2
REC_03413,1
REC_03414,2
REC_03415,2
REC_03416,1
REC_03417,1
REC_03418,1
REC_03419,1
REC_03420,1
REC_03421,1
REC_03422,2
REC_03423,1
REC_03424,1
REC_03425,1
REC_03426,1
REC_03427,1
REC_03428,1
REC_03429,1
REC_03430,1
REC_03431,2
REC_03432,1
REC_03433,1
REC_03434,0
REC_03435,1
REC_03436,1
REC_03437,1
REC_03438,2
REC_03439,1
REC_03440,2
REC_03441,1
REC_03442,2
REC_03443,2
REC_03444,2
REC_03445,1
REC_03446,1
REC_03447,1
REC_03448,2
REC_03449,2
REC_03450,2
REC_03451,2
REC_03452,1
REC_03453,2
REC_03454,2
REC_03455,1
REC_03456,2
REC_03457,1
REC_03458,1
REC_03459,1
REC_03460,1
REC_03461,2
REC_03462,1
REC_03463,1
REC_03464,1
REC_03465,2
REC_03466,1
REC_03467,2
REC_03468,2
REC_03469,1
REC_03470,1
REC_03471,1
REC_03472,1
REC_03473,1
REC_03474,1
REC_03475,2
REC_03476,1
REC_03477,1
REC_03478,1
REC_03479,1
REC_03480,2
REC_03481,1
REC_03482,1
REC_03483,1
REC_03484,2
REC_03485,1
REC_03486,1
REC_03487,1
REC_03488,1
REC_03489,3
REC_03490,1
REC_03491,2
REC_03492,2
REC_03493,1
REC_03494,2
REC_03495,2
REC_03496,3
REC_03497,3
REC_03498,2
REC_03499,2
REC_03500,2
REC_03501,2
REC_03502,2
REC_03503,2
REC_03504,2
REC_03505,2
REC_03506,1
REC_03507,1
REC_03508,1
REC_03509,3
REC_03510,2
REC_03511,3
REC_03512,2
REC_03513,3
REC_03514,3
REC_03515,3
REC_03516,2
REC_03517,1
REC_03518,2
REC_03519,3
REC_03520,2
REC_03521,2
REC_03522,3
REC_03523,1
REC_03524,3
REC_03525,3
REC_03526,2
REC_03527,3
REC_03528,1
REC_03529,1
REC_03530,3
REC_03531,3
REC_03532,1
REC_03533,3
REC_03534,1
REC_03535,3
REC_03536,1
REC_03537,1
REC_03538,1
REC_03539,1
REC_03540,2
REC_03541,1
REC_03542,2
REC_03543,1
REC_03544,3
REC_03545,2
REC_03546,1
REC_03547,3
REC_03548,1
REC_03549,2
REC_03550,1
REC_03551,1
REC_03552,2
REC_03553,1
REC_03554,2
REC_03555,1
REC_03556,1
REC_03557,2
REC_03558,1
REC_03559,1
REC_03560,2
REC_03561,1
REC_03562,2
REC_03563,1
REC_03564,2
REC_03565,2
REC_03566,2
REC_03567,3
REC_03568,1
REC_03569,1
REC_03570,3
REC_03571,1
REC_03572,1
REC_03573,2
REC_03574,1
REC_03575,1
REC_03576,3
REC_03577,2
REC_03578,2
REC_03579,1
REC_03580,2
REC_03581,1
REC_03582,1
REC_03583,2
REC_03584,3
REC_03585,1
REC_03586,2
REC_03587,1
REC_03588,2
REC_03589,3
REC_03590,3
REC_03591,2
REC_03592,1
REC_03593,2
REC_03594,1
REC_03595,3
REC_03596,2
REC_03597,1
REC_03598,2
REC_03599,2
REC_03600,2
REC_03601,1
REC_03602,1
REC_03603,3
REC_03604,2
REC_03605,2
REC_03606,1
REC_03607,2
REC_03608,1
REC_03609,3
REC_03610,1
REC_03611,1
REC_03612,3
REC_03613,2
REC_03614,3
REC_03615,2
REC_03616,1
REC_03617,2
REC_03618,3
REC_03619,3
REC_03620,2
REC_03621,3
REC_03622,2
REC_03623,2
REC_03624,3
REC_03625,2
REC_03626,1
REC_03627,1
REC_03628,2
REC_03629,3
REC_03630,1
REC_03631,2
REC_03632,2
REC_03633,2
REC_03634,1
REC_03635,1
REC_03636,1
REC_03637,1
REC_03638,1
REC_03639,3
REC_03640,1
REC_03641,2
REC_03642,1
REC_03643,2
REC_03644,1
REC_03645,1
REC_03646,2
REC_03647,2
REC_03648,1
REC_03649,2
REC_03650,3
REC_03651,2
REC_03652,2
REC_03653,2
REC_03654,2
REC_03655,2
REC_03656,1
REC_03657,3
REC_03658,1
REC_03659,3
REC_03660,1
REC_03661,1
REC_03662,1
REC_03663,3
REC_03664,1
REC_03665,2
REC_03666,2
REC_03667,2
REC_03668,1
REC_03669,2
REC_03670,2
REC_03671,2
REC_03672,2
REC_03673,1
REC_03674,1
REC_03675,1
REC_03676,2
REC_03677,1
REC_03678,1
REC_03679,1
REC_03680,2
REC_03681,1
REC_03682,2
REC_03683,3
REC_03684,1
REC_03685,3
REC_03686,2
REC_03687,2
REC_03688,2
REC_03689,1
REC_03690,2
REC_03691,2
REC_03692,1
REC_03693,2
REC_03694,2
REC_03695,1
REC_03696,2
REC_03697,2
REC_03698,2
REC_03699,3
REC_03700,1
REC_03701,1
REC_03702,1
REC_03703,1
REC_03704,1
REC_03705,2
REC_03706,1
REC_03707,1
REC_03708,3
REC_03709,1
REC_03710,1
REC_03711,2
REC_03712,2
REC_03713,2
REC_03714,1
REC_03715,2
REC_03716,2
REC_03717,2
REC_03718,1
REC_03719,2
REC_03720,2
REC_03721,1
REC_03722,2
REC_03723,2
REC_03724,1
REC_03725,2
REC_03726,1
REC_03727,1
REC_03728,1
REC_03729,1
REC_03730,1
REC_03731,1
REC_03732,2
REC_03733,1
REC_03734,2
REC_03735,2
REC_03736,1
REC_03737,2
REC_03738,3
REC_03739,1
REC_03740,1
REC_03741,2
REC_03742,2
REC_03743,1
REC_03744,3
REC_03745,2
REC_03746,1
REC_03747,1
REC_03748,2
REC_03749,3
REC_03750,1
REC_03751,2
REC_03752,3
REC_03753,3
REC_03754,2
REC_03755,3
REC_03756,3
REC_03757,3
REC_03758,3
REC_03759,2
REC_03760,2
REC_03761,1
REC_03762,1
REC_03763,2
REC_03764,1
REC_03765,1
REC_03766,1
REC_03767,2
REC_03768,1
REC_03769,2
REC_03770,1
REC_03771,1
REC_03772,1
REC_03773,1
REC_03774,1
REC_03775,1
REC_03776,1
REC_03777,1
REC_03778,1
REC_03779,1
REC_03780,2
REC_03781,1
REC_03782,2
REC_03783,1
REC_03784,1
REC_03785,2
REC_03786,2
REC_03787,2
REC_03788,2
REC_03789,2
REC_03790,2
REC_03791,2
REC_03792,2
REC_03793,3
REC_03794,3
REC_03795,1
REC_03796,3
REC_03797,1
REC_03798,3
REC_03799,1
REC_03800,3
REC_03801,2
REC_03802,3
REC_03803,3
REC_03804,3
REC_03805,2
REC_03806,2
REC_03807,2
REC_03808,2
REC_03809,3
REC_03810,2
REC_03811,2
REC_03812,2
REC_03813,2
REC_03814,3
REC_03815,3
REC_03816,2
REC_03817,1
REC_03818,2
REC_03819,2
REC_03820,2
REC_03821,1
REC_03822,2
REC_03823,3
REC_03824,3
REC_03825,2
REC_03826,1
REC_03827,2
REC_03828,1
REC_03829,1
REC_03830,3
REC_03831,2
REC_03832,1
REC_03833,2
REC_03834,1
REC_03835,3
REC_03836,3
REC_03837,1
REC_03838,2
REC_03839,2
REC_03840,2
REC_03841,3
REC_03842,2
REC_03843,1
REC_03844,1
REC_03845,1
REC_03846,1
REC_03847,1
REC_03848,1
